"","minExpected","MinPlayed","Prob"
"1",8,"1",0.047802
"2",8,"2",0.055724
"3",8,"3",0.06405
"4",8,"4",0.071638
"5",8,"5",0.077755
"6",8,"6",0.081999
"7",8,"7",0.084178
"8",8,"8",0.08312
"9",8,"9",0.079407
"10",8,"10",0.072885
"11",8,"11",0.065726
"12",8,"12",0.056462
"13",8,"13",0.04558
"14",8,"14",0.036052
"15",8,"15",0.026587
"16",8,"16",0.019302
"17",8,"17",0.013091
"18",8,"18",0.008271
"19",8,"19",0.00491
"20",8,"20",0.002809
"21",8,"21",0.001449
"22",8,"22",0.000687
"23",8,"23",0.000324
"24",8,"24",0.000121
"25",8,"25",5.2e-05
"26",8,"26",1.3e-05
"27",8,"27",4e-06
"28",8,"28",1e-06
"29",8,"29",1e-06
"30",9,"1",0.087632
"31",9,"2",0.082367
"32",9,"3",0.077182
"33",9,"4",0.072231
"34",9,"5",0.067382
"35",9,"6",0.062792
"36",9,"7",0.058187
"37",9,"8",0.053761
"38",9,"9",0.049297
"39",9,"10",0.045164
"40",9,"11",0.041388
"41",9,"12",0.037808
"42",9,"13",0.03363
"43",9,"14",0.030673
"44",9,"15",0.027703
"45",9,"16",0.024636
"46",9,"17",0.022144
"47",9,"18",0.019525
"48",9,"19",0.017246
"49",9,"20",0.01484
"50",9,"21",0.012937
"51",9,"22",0.01115
"52",9,"23",0.009551
"53",9,"24",0.008064
"54",9,"25",0.006827
"55",9,"26",0.005529
"56",9,"27",0.004656
"57",9,"28",0.003853
"58",9,"29",0.003088
"59",9,"30",0.002299
"60",9,"31",0.00177
"61",9,"32",0.001352
"62",9,"33",0.001056
"63",9,"34",0.000771
"64",9,"35",0.000565
"65",9,"36",0.000356
"66",9,"37",0.000245
"67",9,"38",0.000156
"68",9,"39",9.6e-05
"69",9,"40",5.2e-05
"70",9,"41",2.7e-05
"71",9,"42",1e-05
"72",9,"43",2e-06
"73",10,"1",0.059566
"74",10,"2",0.060187
"75",10,"3",0.059662
"76",10,"4",0.060013
"77",10,"5",0.05969
"78",10,"6",0.058963
"79",10,"7",0.057663
"80",10,"8",0.055699
"81",10,"9",0.054026
"82",10,"10",0.052109
"83",10,"11",0.049255
"84",10,"12",0.046489
"85",10,"13",0.043637
"86",10,"14",0.040143
"87",10,"15",0.036787
"88",10,"16",0.033262
"89",10,"17",0.029455
"90",10,"18",0.026162
"91",10,"19",0.022837
"92",10,"20",0.019441
"93",10,"21",0.016397
"94",10,"22",0.013607
"95",10,"23",0.011168
"96",10,"24",0.008985
"97",10,"25",0.007113
"98",10,"26",0.005281
"99",10,"27",0.004016
"100",10,"28",0.002897
"101",10,"29",0.002007
"102",10,"30",0.001332
"103",10,"31",0.000894
"104",10,"32",0.000547
"105",10,"33",0.000326
"106",10,"34",0.000191
"107",10,"35",0.000102
"108",10,"36",5e-05
"109",10,"37",2.5e-05
"110",10,"38",1.2e-05
"111",10,"39",3e-06
"112",10,"40",1e-06
"113",11,"1",0.03389
"114",11,"2",0.037472
"115",11,"3",0.041486
"116",11,"4",0.045335
"117",11,"5",0.04919
"118",11,"6",0.052301
"119",11,"7",0.05541
"120",11,"8",0.057281
"121",11,"9",0.05926
"122",11,"10",0.059277
"123",11,"11",0.059171
"124",11,"12",0.057858
"125",11,"13",0.055945
"126",11,"14",0.052743
"127",11,"15",0.048788
"128",11,"16",0.044188
"129",11,"17",0.038954
"130",11,"18",0.033575
"131",11,"19",0.028522
"132",11,"20",0.023551
"133",11,"21",0.018585
"134",11,"22",0.014594
"135",11,"23",0.01073
"136",11,"24",0.00781
"137",11,"25",0.005344
"138",11,"26",0.003673
"139",11,"27",0.002239
"140",11,"28",0.001345
"141",11,"29",0.000712
"142",11,"30",0.000411
"143",11,"31",0.00019
"144",11,"32",0.000104
"145",11,"33",3.6e-05
"146",11,"34",2e-05
"147",11,"35",9e-06
"148",11,"36",1e-06
"149",12,"1",0.023719
"150",12,"2",0.02788
"151",12,"3",0.032066
"152",12,"4",0.036463
"153",12,"5",0.040739
"154",12,"6",0.044813
"155",12,"7",0.048793
"156",12,"8",0.052137
"157",12,"9",0.055579
"158",12,"10",0.058106
"159",12,"11",0.059441
"160",12,"12",0.060085
"161",12,"13",0.059287
"162",12,"14",0.057604
"163",12,"15",0.055183
"164",12,"16",0.050726
"165",12,"17",0.045795
"166",12,"18",0.040616
"167",12,"19",0.034918
"168",12,"20",0.02959
"169",12,"21",0.023776
"170",12,"22",0.018589
"171",12,"23",0.014289
"172",12,"24",0.010515
"173",12,"25",0.007397
"174",12,"26",0.004951
"175",12,"27",0.003054
"176",12,"28",0.00183
"177",12,"29",0.001052
"178",12,"30",0.000533
"179",12,"31",0.000278
"180",12,"32",0.000116
"181",12,"33",5.4e-05
"182",12,"34",1.5e-05
"183",12,"35",1.1e-05
"184",13,"1",0.01379
"185",13,"2",0.016894
"186",13,"3",0.02084
"187",13,"4",0.025137
"188",13,"5",0.02996
"189",13,"6",0.035649
"190",13,"7",0.040828
"191",13,"8",0.046737
"192",13,"9",0.051693
"193",13,"10",0.056993
"194",13,"11",0.061452
"195",13,"12",0.063966
"196",13,"13",0.065022
"197",13,"14",0.065611
"198",13,"15",0.063762
"199",13,"16",0.060652
"200",13,"17",0.055654
"201",13,"18",0.049777
"202",13,"19",0.042586
"203",13,"20",0.035979
"204",13,"21",0.029004
"205",13,"22",0.022256
"206",13,"23",0.016317
"207",13,"24",0.011395
"208",13,"25",0.007587
"209",13,"26",0.004705
"210",13,"27",0.002881
"211",13,"28",0.00147
"212",13,"29",0.000789
"213",13,"30",0.000364
"214",13,"31",0.000159
"215",13,"32",6.1e-05
"216",13,"33",2.2e-05
"217",13,"34",6e-06
"218",13,"35",2e-06
"219",14,"1",0.007407
"220",14,"2",0.010124
"221",14,"3",0.013172
"222",14,"4",0.017046
"223",14,"5",0.021293
"224",14,"6",0.026802
"225",14,"7",0.032484
"226",14,"8",0.038694
"227",14,"9",0.045548
"228",14,"10",0.052078
"229",14,"11",0.058332
"230",14,"12",0.063411
"231",14,"13",0.067487
"232",14,"14",0.070352
"233",14,"15",0.07079
"234",14,"16",0.068797
"235",14,"17",0.06511
"236",14,"18",0.059256
"237",14,"19",0.051458
"238",14,"20",0.043709
"239",14,"21",0.035202
"240",14,"22",0.026883
"241",14,"23",0.01968
"242",14,"24",0.013952
"243",14,"25",0.009092
"244",14,"26",0.005551
"245",14,"27",0.003155
"246",14,"28",0.001749
"247",14,"29",0.000816
"248",14,"30",0.000373
"249",14,"31",0.000134
"250",14,"32",4.7e-05
"251",14,"33",1.1e-05
"252",14,"34",4e-06
"253",14,"35",1e-06
"254",15,"1",0.00424
"255",15,"2",0.006006
"256",15,"3",0.008339
"257",15,"4",0.010993
"258",15,"5",0.014818
"259",15,"6",0.018935
"260",15,"7",0.024294
"261",15,"8",0.030653
"262",15,"9",0.037155
"263",15,"10",0.044693
"264",15,"11",0.052453
"265",15,"12",0.059333
"266",15,"13",0.066029
"267",15,"14",0.070274
"268",15,"15",0.073463
"269",15,"16",0.074175
"270",15,"17",0.071963
"271",15,"18",0.067403
"272",15,"19",0.061061
"273",15,"20",0.053204
"274",15,"21",0.04378
"275",15,"22",0.03483
"276",15,"23",0.025692
"277",15,"24",0.018267
"278",15,"25",0.012045
"279",15,"26",0.007399
"280",15,"27",0.004351
"281",15,"28",0.002297
"282",15,"29",0.001091
"283",15,"30",0.000504
"284",15,"31",0.000182
"285",15,"32",5.4e-05
"286",15,"33",2e-05
"287",15,"34",4e-06
"288",16,"1",0.003249
"289",16,"2",0.004618
"290",16,"3",0.006376
"291",16,"4",0.008498
"292",16,"5",0.011634
"293",16,"6",0.015068
"294",16,"7",0.019394
"295",16,"8",0.024642
"296",16,"9",0.030518
"297",16,"10",0.036913
"298",16,"11",0.04429
"299",16,"12",0.050837
"300",16,"13",0.057666
"301",16,"14",0.063802
"302",16,"15",0.068404
"303",16,"16",0.071795
"304",16,"17",0.072351
"305",16,"18",0.071113
"306",16,"19",0.0671
"307",16,"20",0.060847
"308",16,"21",0.053589
"309",16,"22",0.044242
"310",16,"23",0.035599
"311",16,"24",0.026987
"312",16,"25",0.019298
"313",16,"26",0.013125
"314",16,"27",0.008375
"315",16,"28",0.004829
"316",16,"29",0.00266
"317",16,"30",0.001283
"318",16,"31",0.000539
"319",16,"32",0.000236
"320",16,"33",8.7e-05
"321",16,"34",2.5e-05
"322",16,"35",9e-06
"323",16,"36",1e-06
"324",16,"37",1e-06
"325",17,"1",0.002889
"326",17,"2",0.003875
"327",17,"3",0.005312
"328",17,"4",0.00737
"329",17,"5",0.009452
"330",17,"6",0.012444
"331",17,"7",0.015838
"332",17,"8",0.020034
"333",17,"9",0.025142
"334",17,"10",0.030814
"335",17,"11",0.036734
"336",17,"12",0.043196
"337",17,"13",0.049646
"338",17,"14",0.055991
"339",17,"15",0.061768
"340",17,"16",0.064987
"341",17,"17",0.068145
"342",17,"18",0.069481
"343",17,"19",0.068555
"344",17,"20",0.064862
"345",17,"21",0.060316
"346",17,"22",0.05355
"347",17,"23",0.045492
"348",17,"24",0.037174
"349",17,"25",0.02862
"350",17,"26",0.021297
"351",17,"27",0.014747
"352",17,"28",0.009789
"353",17,"29",0.006066
"354",17,"30",0.00335
"355",17,"31",0.001684
"356",17,"32",0.000869
"357",17,"33",0.000355
"358",17,"34",0.000112
"359",17,"35",2.9e-05
"360",17,"36",1.2e-05
"361",17,"37",3e-06
"362",18,"1",0.002192
"363",18,"2",0.002882
"364",18,"3",0.004103
"365",18,"4",0.005504
"366",18,"5",0.00733
"367",18,"6",0.009694
"368",18,"7",0.012425
"369",18,"8",0.016207
"370",18,"9",0.020234
"371",18,"10",0.025229
"372",18,"11",0.030636
"373",18,"12",0.036466
"374",18,"13",0.042424
"375",18,"14",0.04882
"376",18,"15",0.054484
"377",18,"16",0.060481
"378",18,"17",0.065076
"379",18,"18",0.068188
"380",18,"19",0.069103
"381",18,"20",0.067845
"382",18,"21",0.065147
"383",18,"22",0.059743
"384",18,"23",0.05357
"385",18,"24",0.046007
"386",18,"25",0.0372
"387",18,"26",0.029269
"388",18,"27",0.021681
"389",18,"28",0.015259
"390",18,"29",0.00995
"391",18,"30",0.006075
"392",18,"31",0.003617
"393",18,"32",0.001767
"394",18,"33",0.000845
"395",18,"34",0.000353
"396",18,"35",0.000128
"397",18,"36",4.8e-05
"398",18,"37",1.4e-05
"399",18,"38",3e-06
"400",18,"39",1e-06
"401",19,"1",0.001469
"402",19,"2",0.002021
"403",19,"3",0.002847
"404",19,"4",0.003814
"405",19,"5",0.005272
"406",19,"6",0.007081
"407",19,"7",0.009306
"408",19,"8",0.012005
"409",19,"9",0.015535
"410",19,"10",0.019922
"411",19,"11",0.024621
"412",19,"12",0.029945
"413",19,"13",0.035677
"414",19,"14",0.042404
"415",19,"15",0.048655
"416",19,"16",0.054931
"417",19,"17",0.060846
"418",19,"18",0.06496
"419",19,"19",0.068475
"420",19,"20",0.06997
"421",19,"21",0.069357
"422",19,"22",0.065757
"423",19,"23",0.060342
"424",19,"24",0.053358
"425",19,"25",0.046375
"426",19,"26",0.037748
"427",19,"27",0.029158
"428",19,"28",0.021474
"429",19,"29",0.015039
"430",19,"30",0.009737
"431",19,"31",0.005838
"432",19,"32",0.003329
"433",19,"33",0.001607
"434",19,"34",0.000701
"435",19,"35",0.000275
"436",19,"36",0.000106
"437",19,"37",3e-05
"438",19,"38",9e-06
"439",19,"39",4e-06
"440",20,"1",0.000628
"441",20,"2",0.000938
"442",20,"3",0.001322
"443",20,"4",0.002066
"444",20,"5",0.002873
"445",20,"6",0.003994
"446",20,"7",0.005642
"447",20,"8",0.007595
"448",20,"9",0.010408
"449",20,"10",0.013996
"450",20,"11",0.017991
"451",20,"12",0.022883
"452",20,"13",0.028659
"453",20,"14",0.035419
"454",20,"15",0.042658
"455",20,"16",0.050108
"456",20,"17",0.057681
"457",20,"18",0.064302
"458",20,"19",0.069493
"459",20,"20",0.073353
"460",20,"21",0.074726
"461",20,"22",0.073187
"462",20,"23",0.06961
"463",20,"24",0.063717
"464",20,"25",0.055059
"465",20,"26",0.045635
"466",20,"27",0.035138
"467",20,"28",0.026592
"468",20,"29",0.018226
"469",20,"30",0.012049
"470",20,"31",0.006964
"471",20,"32",0.003887
"472",20,"33",0.001918
"473",20,"34",0.000801
"474",20,"35",0.000338
"475",20,"36",0.000106
"476",20,"37",3.3e-05
"477",20,"38",5e-06
"478",21,"1",0.000101
"479",21,"2",0.000171
"480",21,"3",0.000285
"481",21,"4",0.00051
"482",21,"5",8e-04
"483",21,"6",0.001263
"484",21,"7",0.001974
"485",21,"8",0.003104
"486",21,"9",0.004703
"487",21,"10",0.006989
"488",21,"11",0.009939
"489",21,"12",0.01387
"490",21,"13",0.019486
"491",21,"14",0.026209
"492",21,"15",0.03389
"493",21,"16",0.043302
"494",21,"17",0.052993
"495",21,"18",0.062606
"496",21,"19",0.072305
"497",21,"20",0.080049
"498",21,"21",0.084486
"499",21,"22",0.085585
"500",21,"23",0.083666
"501",21,"24",0.076616
"502",21,"25",0.06664
"503",21,"26",0.054487
"504",21,"27",0.041492
"505",21,"28",0.029574
"506",21,"29",0.019595
"507",21,"30",0.011821
"508",21,"31",0.00631
"509",21,"32",0.003202
"510",21,"33",0.001311
"511",21,"34",0.000477
"512",21,"35",0.000142
"513",21,"36",4e-05
"514",21,"37",5e-06
"515",21,"38",2e-06
"516",22,"1",0.000336
"517",22,"2",0.000503
"518",22,"3",0.000742
"519",22,"4",0.001094
"520",22,"5",0.001595
"521",22,"6",0.00232
"522",22,"7",0.003042
"523",22,"8",0.00424
"524",22,"9",0.005957
"525",22,"10",0.00797
"526",22,"11",0.010681
"527",22,"12",0.013909
"528",22,"13",0.018207
"529",22,"14",0.022846
"530",22,"15",0.028792
"531",22,"16",0.034958
"532",22,"17",0.042457
"533",22,"18",0.049675
"534",22,"19",0.056672
"535",22,"20",0.062647
"536",22,"21",0.068562
"537",22,"22",0.071578
"538",22,"23",0.07318
"539",22,"24",0.07297
"540",22,"25",0.069557
"541",22,"26",0.063457
"542",22,"27",0.055496
"543",22,"28",0.046417
"544",22,"29",0.036582
"545",22,"30",0.027446
"546",22,"31",0.019291
"547",22,"32",0.012197
"548",22,"33",0.007402
"549",22,"34",0.003987
"550",22,"35",0.001991
"551",22,"36",0.000809
"552",22,"37",0.000307
"553",22,"38",0.000101
"554",22,"39",1.8e-05
"555",22,"40",8e-06
"556",22,"41",1e-06
"557",23,"1",0.000241
"558",23,"2",0.000355
"559",23,"3",0.000534
"560",23,"4",0.000719
"561",23,"5",0.001049
"562",23,"6",0.001569
"563",23,"7",0.002161
"564",23,"8",0.003051
"565",23,"9",0.004286
"566",23,"10",0.005852
"567",23,"11",0.007967
"568",23,"12",0.010532
"569",23,"13",0.013947
"570",23,"14",0.017567
"571",23,"15",0.022732
"572",23,"16",0.028288
"573",23,"17",0.034792
"574",23,"18",0.041676
"575",23,"19",0.049207
"576",23,"20",0.056056
"577",23,"21",0.063074
"578",23,"22",0.068892
"579",23,"23",0.072766
"580",23,"24",0.074057
"581",23,"25",0.073369
"582",23,"26",0.070066
"583",23,"27",0.064229
"584",23,"28",0.055744
"585",23,"29",0.046601
"586",23,"30",0.036924
"587",23,"31",0.027431
"588",23,"32",0.018679
"589",23,"33",0.011993
"590",23,"34",0.007035
"591",23,"35",0.003691
"592",23,"36",0.00181
"593",23,"37",0.000725
"594",23,"38",0.000251
"595",23,"39",6e-05
"596",23,"40",2e-05
"597",23,"41",2e-06
"598",24,"1",7.2e-05
"599",24,"2",9.3e-05
"600",24,"3",0.000192
"601",24,"4",0.000276
"602",24,"5",0.000447
"603",24,"6",0.000649
"604",24,"7",0.000987
"605",24,"8",0.001463
"606",24,"9",0.002182
"607",24,"10",0.003202
"608",24,"11",0.004546
"609",24,"12",0.006475
"610",24,"13",0.008871
"611",24,"14",0.012234
"612",24,"15",0.016309
"613",24,"16",0.021082
"614",24,"17",0.027373
"615",24,"18",0.03443
"616",24,"19",0.042404
"617",24,"20",0.050569
"618",24,"21",0.059144
"619",24,"22",0.066369
"620",24,"23",0.073276
"621",24,"24",0.077688
"622",24,"25",0.079647
"623",24,"26",0.078658
"624",24,"27",0.073705
"625",24,"28",0.066223
"626",24,"29",0.056435
"627",24,"30",0.045323
"628",24,"31",0.033753
"629",24,"32",0.023611
"630",24,"33",0.015413
"631",24,"34",0.008866
"632",24,"35",0.004674
"633",24,"36",0.002126
"634",24,"37",0.000832
"635",24,"38",0.000306
"636",24,"39",7.2e-05
"637",24,"40",2.3e-05
"638",25,"1",3.1e-05
"639",25,"2",4.1e-05
"640",25,"3",8.4e-05
"641",25,"4",0.000157
"642",25,"5",0.000232
"643",25,"6",0.000329
"644",25,"7",0.000569
"645",25,"8",0.000873
"646",25,"9",0.001284
"647",25,"10",0.001976
"648",25,"11",0.002945
"649",25,"12",0.004225
"650",25,"13",0.006016
"651",25,"14",0.008419
"652",25,"15",0.011346
"653",25,"16",0.015521
"654",25,"17",0.020411
"655",25,"18",0.026536
"656",25,"19",0.034271
"657",25,"20",0.042134
"658",25,"21",0.050632
"659",25,"22",0.059635
"660",25,"23",0.068017
"661",25,"24",0.075128
"662",25,"25",0.079695
"663",25,"26",0.082314
"664",25,"27",0.080424
"665",25,"28",0.075842
"666",25,"29",0.067324
"667",25,"30",0.056385
"668",25,"31",0.044616
"669",25,"32",0.032692
"670",25,"33",0.022274
"671",25,"34",0.013833
"672",25,"35",0.007663
"673",25,"36",0.003713
"674",25,"37",0.001624
"675",25,"38",0.000576
"676",25,"39",0.000163
"677",25,"40",3.8e-05
"678",25,"41",1e-05
"679",25,"42",2e-06
"680",26,"1",0.000122
"681",26,"2",0.000166
"682",26,"3",0.000243
"683",26,"4",0.000325
"684",26,"5",0.000504
"685",26,"6",0.000722
"686",26,"7",0.000984
"687",26,"8",0.001447
"688",26,"9",0.001962
"689",26,"10",0.002709
"690",26,"11",0.003576
"691",26,"12",0.004861
"692",26,"13",0.006478
"693",26,"14",0.008448
"694",26,"15",0.011036
"695",26,"16",0.014276
"696",26,"17",0.018317
"697",26,"18",0.023088
"698",26,"19",0.028252
"699",26,"20",0.034408
"700",26,"21",0.040517
"701",26,"22",0.047578
"702",26,"23",0.053994
"703",26,"24",0.060933
"704",26,"25",0.066546
"705",26,"26",0.070475
"706",26,"27",0.072238
"707",26,"28",0.072065
"708",26,"29",0.069373
"709",26,"30",0.06448
"710",26,"31",0.057058
"711",26,"32",0.048506
"712",26,"33",0.038679
"713",26,"34",0.02889
"714",26,"35",0.020417
"715",26,"36",0.012698
"716",26,"37",0.007281
"717",26,"38",0.003886
"718",26,"39",0.001615
"719",26,"40",0.00062
"720",26,"41",0.000187
"721",26,"42",3.4e-05
"722",26,"43",6e-06
"723",27,"1",4.8e-05
"724",27,"2",7.3e-05
"725",27,"3",0.000121
"726",27,"4",0.000156
"727",27,"5",0.000239
"728",27,"6",0.000328
"729",27,"7",0.000477
"730",27,"8",0.000724
"731",27,"9",0.001079
"732",27,"10",0.001572
"733",27,"11",0.002121
"734",27,"12",0.002997
"735",27,"13",0.004244
"736",27,"14",0.005566
"737",27,"15",0.007566
"738",27,"16",0.010326
"739",27,"17",0.013408
"740",27,"18",0.016974
"741",27,"19",0.021727
"742",27,"20",0.027744
"743",27,"21",0.034024
"744",27,"22",0.040687
"745",27,"23",0.048625
"746",27,"24",0.05598
"747",27,"25",0.063515
"748",27,"26",0.069607
"749",27,"27",0.074068
"750",27,"28",0.076299
"751",27,"29",0.076133
"752",27,"30",0.072436
"753",27,"31",0.066203
"754",27,"32",0.057634
"755",27,"33",0.047407
"756",27,"34",0.036935
"757",27,"35",0.026422
"758",27,"36",0.017366
"759",27,"37",0.010203
"760",27,"38",0.005361
"761",27,"39",0.002356
"762",27,"40",0.000903
"763",27,"41",0.000293
"764",27,"42",4.5e-05
"765",27,"43",8e-06
"766",28,"1",8.9e-05
"767",28,"2",9.5e-05
"768",28,"3",0.000141
"769",28,"4",0.000207
"770",28,"5",0.000266
"771",28,"6",0.00046
"772",28,"7",0.000617
"773",28,"8",0.000914
"774",28,"9",0.001199
"775",28,"10",0.001614
"776",28,"11",0.002104
"777",28,"12",0.002887
"778",28,"13",0.004053
"779",28,"14",0.005221
"780",28,"15",0.006853
"781",28,"16",0.008909
"782",28,"17",0.011345
"783",28,"18",0.014666
"784",28,"19",0.018358
"785",28,"20",0.022922
"786",28,"21",0.027788
"787",28,"22",0.033439
"788",28,"23",0.039817
"789",28,"24",0.046345
"790",28,"25",0.053056
"791",28,"26",0.059243
"792",28,"27",0.064757
"793",28,"28",0.068929
"794",28,"29",0.07177
"795",28,"30",0.072206
"796",28,"31",0.069937
"797",28,"32",0.065318
"798",28,"33",0.058479
"799",28,"34",0.049843
"800",28,"35",0.040147
"801",28,"36",0.029603
"802",28,"37",0.020646
"803",28,"38",0.013106
"804",28,"39",0.007299
"805",28,"40",0.003447
"806",28,"41",0.001351
"807",28,"42",0.000448
"808",28,"43",0.000106
"809",29,"1",3.1e-05
"810",29,"2",4.8e-05
"811",29,"3",7.2e-05
"812",29,"4",0.000107
"813",29,"5",0.000179
"814",29,"6",0.000226
"815",29,"7",0.000355
"816",29,"8",0.000502
"817",29,"9",0.000709
"818",29,"10",0.00097
"819",29,"11",0.001371
"820",29,"12",0.001791
"821",29,"13",0.00258
"822",29,"14",0.003501
"823",29,"15",0.004738
"824",29,"16",0.006122
"825",29,"17",0.008378
"826",29,"18",0.010764
"827",29,"19",0.014059
"828",29,"20",0.017742
"829",29,"21",0.02204
"830",29,"22",0.027243
"831",29,"23",0.033028
"832",29,"24",0.03972
"833",29,"25",0.046974
"834",29,"26",0.054097
"835",29,"27",0.060763
"836",29,"28",0.06639
"837",29,"29",0.071379
"838",29,"30",0.074278
"839",29,"31",0.074823
"840",29,"32",0.072387
"841",29,"33",0.067285
"842",29,"34",0.059488
"843",29,"35",0.049583
"844",29,"36",0.038614
"845",29,"37",0.028248
"846",29,"38",0.01898
"847",29,"39",0.011213
"848",29,"40",0.005702
"849",29,"41",0.002482
"850",29,"42",0.000833
"851",29,"43",0.000205
"852",30,"1",6.8e-05
"853",30,"2",0.000104
"854",30,"3",0.00014
"855",30,"4",0.000221
"856",30,"5",0.000268
"857",30,"6",0.000377
"858",30,"7",0.000462
"859",30,"8",0.000693
"860",30,"9",0.00086
"861",30,"10",0.00116
"862",30,"11",0.001544
"863",30,"12",0.001968
"864",30,"13",0.002773
"865",30,"14",0.003615
"866",30,"15",0.004618
"867",30,"16",0.005843
"868",30,"17",0.007594
"869",30,"18",0.009789
"870",30,"19",0.012282
"871",30,"20",0.014948
"872",30,"21",0.018802
"873",30,"22",0.022904
"874",30,"23",0.027497
"875",30,"24",0.032793
"876",30,"25",0.038344
"877",30,"26",0.04418
"878",30,"27",0.050545
"879",30,"28",0.056157
"880",30,"29",0.061672
"881",30,"30",0.065848
"882",30,"31",0.069136
"883",30,"32",0.070072
"884",30,"33",0.069019
"885",30,"34",0.066054
"886",30,"35",0.059871
"887",30,"36",0.052077
"888",30,"37",0.042361
"889",30,"38",0.032484
"890",30,"39",0.02296
"891",30,"40",0.014503
"892",30,"41",0.008272
"893",30,"42",0.003768
"894",30,"43",0.001354
"895",31,"1",1.3e-05
"896",31,"2",2.1e-05
"897",31,"3",2e-05
"898",31,"4",4.5e-05
"899",31,"5",7.2e-05
"900",31,"6",8.9e-05
"901",31,"7",0.000124
"902",31,"8",0.000197
"903",31,"9",0.000283
"904",31,"10",0.000408
"905",31,"11",0.000598
"906",31,"12",0.000794
"907",31,"13",0.001111
"908",31,"14",0.001569
"909",31,"15",0.00224
"910",31,"16",0.003138
"911",31,"17",0.004068
"912",31,"18",0.005524
"913",31,"19",0.007427
"914",31,"20",0.009764
"915",31,"21",0.012888
"916",31,"22",0.016593
"917",31,"23",0.020937
"918",31,"24",0.026506
"919",31,"25",0.032548
"920",31,"26",0.03971
"921",31,"27",0.047148
"922",31,"28",0.054824
"923",31,"29",0.062757
"924",31,"30",0.068897
"925",31,"31",0.075002
"926",31,"32",0.078174
"927",31,"33",0.078634
"928",31,"34",0.075787
"929",31,"35",0.070117
"930",31,"36",0.061119
"931",31,"37",0.049571
"932",31,"38",0.03737
"933",31,"39",0.025587
"934",31,"40",0.015498
"935",31,"41",0.0081
"936",31,"42",0.003559
"937",31,"43",0.001169
"938",32,"1",6e-06
"939",32,"2",1e-06
"940",32,"3",7e-06
"941",32,"4",9e-06
"942",32,"5",2.1e-05
"943",32,"6",1.8e-05
"944",32,"7",3e-05
"945",32,"8",5.3e-05
"946",32,"9",8.1e-05
"947",32,"10",0.00013
"948",32,"11",0.000165
"949",32,"12",0.000301
"950",32,"13",0.000431
"951",32,"14",0.000671
"952",32,"15",0.000954
"953",32,"16",0.001407
"954",32,"17",0.002047
"955",32,"18",0.002913
"956",32,"19",0.004271
"957",32,"20",0.005727
"958",32,"21",0.008053
"959",32,"22",0.010817
"960",32,"23",0.014589
"961",32,"24",0.018966
"962",32,"25",0.02489
"963",32,"26",0.031788
"964",32,"27",0.039688
"965",32,"28",0.048876
"966",32,"29",0.057728
"967",32,"30",0.06707
"968",32,"31",0.075512
"969",32,"32",0.082188
"970",32,"33",0.086133
"971",32,"34",0.086062
"972",32,"35",0.081787
"973",32,"36",0.072731
"974",32,"37",0.060656
"975",32,"38",0.046908
"976",32,"39",0.031729
"977",32,"40",0.019375
"978",32,"41",0.009861
"979",32,"42",0.004156
"980",32,"43",0.001194
"981",33,"1",2e-06
"982",33,"2",4e-06
"983",33,"3",3e-06
"984",33,"4",1.1e-05
"985",33,"5",9e-06
"986",33,"6",2.3e-05
"987",33,"7",3.2e-05
"988",33,"8",5.8e-05
"989",33,"9",7.4e-05
"990",33,"10",0.000108
"991",33,"11",0.000185
"992",33,"12",0.000239
"993",33,"13",0.000365
"994",33,"14",0.000526
"995",33,"15",0.000803
"996",33,"16",0.001121
"997",33,"17",0.00159
"998",33,"18",0.002263
"999",33,"19",0.003162
"1000",33,"20",0.00451
"1001",33,"21",0.006204
"1002",33,"22",0.008125
"1003",33,"23",0.011362
"1004",33,"24",0.014816
"1005",33,"25",0.019177
"1006",33,"26",0.025149
"1007",33,"27",0.031644
"1008",33,"28",0.039111
"1009",33,"29",0.047831
"1010",33,"30",0.056605
"1011",33,"31",0.065539
"1012",33,"32",0.074365
"1013",33,"33",0.080666
"1014",33,"34",0.085274
"1015",33,"35",0.085599
"1016",33,"36",0.081852
"1017",33,"37",0.074313
"1018",33,"38",0.062014
"1019",33,"39",0.047986
"1020",33,"40",0.033242
"1021",33,"41",0.020134
"1022",33,"42",0.010028
"1023",33,"43",0.003876
"1024",34,"1",1e-06
"1025",34,"2",2e-06
"1026",34,"3",5e-06
"1027",34,"4",3e-06
"1028",34,"5",7e-06
"1029",34,"6",9e-06
"1030",34,"7",2.1e-05
"1031",34,"8",3.2e-05
"1032",34,"9",4.8e-05
"1033",34,"10",6.4e-05
"1034",34,"11",9.6e-05
"1035",34,"12",0.000151
"1036",34,"13",0.000191
"1037",34,"14",0.000324
"1038",34,"15",0.000468
"1039",34,"16",0.000686
"1040",34,"17",0.001023
"1041",34,"18",0.00145
"1042",34,"19",0.002073
"1043",34,"20",0.00282
"1044",34,"21",0.004087
"1045",34,"22",0.005701
"1046",34,"23",0.007682
"1047",34,"24",0.010609
"1048",34,"25",0.01416
"1049",34,"26",0.018564
"1050",34,"27",0.024174
"1051",34,"28",0.031055
"1052",34,"29",0.038837
"1053",34,"30",0.047436
"1054",34,"31",0.057144
"1055",34,"32",0.066616
"1056",34,"33",0.075721
"1057",34,"34",0.083432
"1058",34,"35",0.087259
"1059",34,"36",0.088503
"1060",34,"37",0.084917
"1061",34,"38",0.07626
"1062",34,"39",0.063373
"1063",34,"40",0.04797
"1064",34,"41",0.0313
"1065",34,"42",0.01791
"1066",34,"43",0.007816
"1067",35,"2",1e-06
"1068",35,"3",3e-06
"1069",35,"4",1e-06
"1070",35,"5",4e-06
"1071",35,"6",5e-06
"1072",35,"7",5e-06
"1073",35,"8",8e-06
"1074",35,"9",1.7e-05
"1075",35,"10",1.7e-05
"1076",35,"11",4e-05
"1077",35,"12",5.7e-05
"1078",35,"13",7e-05
"1079",35,"14",0.000128
"1080",35,"15",0.000216
"1081",35,"16",0.000322
"1082",35,"17",0.000487
"1083",35,"18",0.00072
"1084",35,"19",0.001045
"1085",35,"20",0.001467
"1086",35,"21",0.002249
"1087",35,"22",0.003253
"1088",35,"23",0.004537
"1089",35,"24",0.006571
"1090",35,"25",0.008998
"1091",35,"26",0.012316
"1092",35,"27",0.016907
"1093",35,"28",0.02263
"1094",35,"29",0.029785
"1095",35,"30",0.038062
"1096",35,"31",0.048447
"1097",35,"32",0.058749
"1098",35,"33",0.069799
"1099",35,"34",0.080856
"1100",35,"35",0.089403
"1101",35,"36",0.094445
"1102",35,"37",0.095709
"1103",35,"38",0.089207
"1104",35,"39",0.078836
"1105",35,"40",0.062737
"1106",35,"41",0.04364
"1107",35,"42",0.025711
"1108",35,"43",0.01254
"1109",36,"6",1e-06
"1110",36,"7",1e-06
"1111",36,"8",2e-06
"1112",36,"10",2e-06
"1113",36,"11",6e-06
"1114",36,"12",1.1e-05
"1115",36,"13",1.1e-05
"1116",36,"14",2.3e-05
"1117",36,"15",2.5e-05
"1118",36,"16",6.4e-05
"1119",36,"17",8.4e-05
"1120",36,"18",0.000172
"1121",36,"19",0.000262
"1122",36,"20",0.000425
"1123",36,"21",0.00067
"1124",36,"22",0.001011
"1125",36,"23",0.001702
"1126",36,"24",0.002616
"1127",36,"25",0.004013
"1128",36,"26",0.006096
"1129",36,"27",0.009266
"1130",36,"28",0.013499
"1131",36,"29",0.019094
"1132",36,"30",0.02697
"1133",36,"31",0.036552
"1134",36,"32",0.048855
"1135",36,"33",0.062327
"1136",36,"34",0.076781
"1137",36,"35",0.091709
"1138",36,"36",0.102664
"1139",36,"37",0.108924
"1140",36,"38",0.107252
"1141",36,"39",0.097428
"1142",36,"40",0.078916
"1143",36,"41",0.055618
"1144",36,"42",0.032481
"1145",36,"43",0.014467
"1146",37,"8",1e-06
"1147",37,"10",1e-06
"1148",37,"11",3e-06
"1149",37,"12",2e-06
"1150",37,"13",5e-06
"1151",37,"14",9e-06
"1152",37,"15",1.9e-05
"1153",37,"16",1.8e-05
"1154",37,"17",5.3e-05
"1155",37,"18",0.000103
"1156",37,"19",0.000129
"1157",37,"20",0.000232
"1158",37,"21",0.000381
"1159",37,"22",0.000611
"1160",37,"23",0.000981
"1161",37,"24",0.001535
"1162",37,"25",0.002394
"1163",37,"26",0.003678
"1164",37,"27",0.005708
"1165",37,"28",0.008504
"1166",37,"29",0.01263
"1167",37,"30",0.01812
"1168",37,"31",0.025856
"1169",37,"32",0.035089
"1170",37,"33",0.047722
"1171",37,"34",0.061485
"1172",37,"35",0.077125
"1173",37,"36",0.092712
"1174",37,"37",0.105901
"1175",37,"38",0.113512
"1176",37,"39",0.112973
"1177",37,"40",0.10254
"1178",37,"41",0.082628
"1179",37,"42",0.056233
"1180",37,"43",0.031107
"1181",38,"24",4e-06
"1182",38,"25",6e-06
"1183",38,"26",1.8e-05
"1184",38,"27",7.7e-05
"1185",38,"28",0.000235
"1186",38,"29",0.000551
"1187",38,"30",0.001504
"1188",38,"31",0.003756
"1189",38,"32",0.008407
"1190",38,"33",0.018333
"1191",38,"34",0.036098
"1192",38,"35",0.064546
"1193",38,"36",0.10374
"1194",38,"37",0.145806
"1195",38,"38",0.17625
"1196",38,"39",0.177417
"1197",38,"40",0.139936
"1198",38,"41",0.082771
"1199",38,"42",0.032823
"1200",38,"43",0.007722
"1201",39,"27",2e-06
"1202",39,"28",9e-06
"1203",39,"29",2.1e-05
"1204",39,"30",9.3e-05
"1205",39,"31",0.00032
"1206",39,"32",0.001173
"1207",39,"33",0.003512
"1208",39,"34",0.009784
"1209",39,"35",0.024901
"1210",39,"36",0.055028
"1211",39,"37",0.10506
"1212",39,"38",0.167491
"1213",39,"39",0.212231
"1214",39,"40",0.206056
"1215",39,"41",0.139823
"1216",39,"42",0.060289
"1217",39,"43",0.014207
